Workbook

Sheet data
B2: 3-Player Simultaneous Game
B3: Type in the payoff values of a 3-player simultaneous game, each having two options
C4: A1 | K4: A2
C5: C1 | F5: C2 | K5: C1 | N5: C2
B6: B1 | C6: 1 | D6: 1 | E6: 1 | F6: 1 | G6: 1 | H6: 2 | J6: B1 | K6: 2 | L6: 1 | M6: 1 | N6: 0 | O6: -1 | P6: 0
B7: B2 | C7: 1 | D7: 2 | E7: 1 | F7: -1 | G7: 0 | H7: 0 | J7: B2 | K7: 0 | L7: 0 | M7: -1 | N7: 0 | O7: 0 | P7: 0

Sheet maximin
B2: The Maximin Options are highlighted in orange
C4: A1 | K4: A2
C5: C1 | F5: C2 | K5: C1 | N5: C2
B6: B1 | C6: =data!C6 -> 1 | D6: =data!D6 -> 1 | E6: =data!E6 -> 1 | F6: =data!F6 -> 1 | G6: =data!G6 -> 1 | H6: =data!H6 -> 2 | J6: B1 | K6: =data!K6 -> 2 | L6: =data!L6 -> 1 | M6: =data!M6 -> 1 | N6: =data!N6 -> 0 | O6: =data!O6 -> -1 | P6: =data!P6 -> 0
B7: B2 | C7: =data!C7 -> 1 | D7: =data!D7 -> 2 | E7: =data!E7 -> 1 | F7: =data!F7 -> -1 | G7: =data!G7 -> 0 | H7: =data!H7 -> 0 | J7: B2 | K7: =data!K7 -> 0 | L7: =data!L7 -> 0 | M7: =data!M7 -> -1 | N7: =data!N7 -> 0 | O7: =data!O7 -> 0 | P7: =data!P7 -> 0
B10: A1 | C10: =MIN(C6,C7,F6,F7) -> -1 | D10: =MAX(C10,C11) -> 0
B11: A2 | C11: =MIN(K6,K7,N6,N7) -> 0
B12: B1 | C12: =MIN(D6,G6,L6,O6) -> -1 | D12: =MAX(C12,C13) -> 0
B13: B2 | C13: =MIN(D7,G7,L7,O7) -> 0
B14: C1 | C14: =MIN(E6,E7,M6,M7) -> -1 | D14: =MAX(C14,C15) -> 0
B15: C2 | C15: =MIN(H6,H7,P6,P7) -> 0

Sheet pure Nash
B2: The Nash equilibria oucome cells are colored in (two shades of) green.
C4: A1 | K4: A2
C5: C1 | F5: C2 | K5: C1 | N5: C2
B6: B1 | C6: =data!C6 -> 1 | D6: =data!D6 -> 1 | E6: =data!E6 -> 1 | F6: =data!F6 -> 1 | G6: =data!G6 -> 1 | H6: =data!H6 -> 2 | J6: B1 | K6: =data!K6 -> 2 | L6: =data!L6 -> 1 | M6: =data!M6 -> 1 | N6: =data!N6 -> 0 | O6: =data!O6 -> -1 | P6: =data!P6 -> 0
B7: B2 | C7: =data!C7 -> 1 | D7: =data!D7 -> 2 | E7: =data!E7 -> 1 | F7: =data!F7 -> -1 | G7: =data!G7 -> 0 | H7: =data!H7 -> 0 | J7: B2 | K7: =data!K7 -> 0 | L7: =data!L7 -> 0 | M7: =data!M7 -> -1 | N7: =data!N7 -> 0 | O7: =data!O7 -> 0 | P7: =data!P7 -> 0
F9: Best response
B10: A | C10: B | D10: C | F10: A | G10: B | H10: C | J10: A | K10: B | L10: C
B11: 1 | C11: 1 | D11: 1 | F11: =IF(C6=K6,12,IF(C6=MAX(C6,K6),1,2)) -> 2 | G11: =IF(D6=D7,12,IF(D6=MAX(D6,D7),1,2)) -> 2 | H11: =IF(E6=H6,12,IF(E6=MAX(E6,H6),1,2)) -> 2 | J11: =IF(OR(B11=F11,F11=12),"yes","no") -> no | K11: =IF(OR(C11=G11,G11=12),"yes","no") -> no | L11: =IF(OR(D11=H11,H11=12),"yes","no") -> no | N11: =IF(AND(J11="yes",K11="yes",L11="yes"),"Nash equilibrium","")
B12: 1 | C12: 1 | D12: 2 | F12: =IF(F6=N6,12,IF(F6=MAX(F6,N6),1,2)) -> 1 | G12: =IF(G6=G7,12,IF(G6=MAX(G6,G7),1,2)) -> 1 | H12: =IF(E6=H6,12,IF(E6=MAX(E6,H6),1,2)) -> 2 | J12: =IF(OR(B12=F12,F12=12),"yes","no") -> yes | K12: =IF(OR(C12=G12,G12=12),"yes","no") -> yes | L12: =IF(OR(D12=H12,H12=12),"yes","no") -> yes | N12: =IF(AND(J12="yes",K12="yes",L12="yes"),"Nash equilibrium","") -> Nash equilibrium
B13: 1 | C13: 2 | D13: 1 | F13: =IF(C7=K7,12,IF(C7=MAX(C7,K7),1,2)) -> 1 | G13: =IF(D6=D7,12,IF(D6=MAX(D6,D7),1,2)) -> 2 | H13: =IF(E7=H7,12,IF(E7=MAX(E7,H7),1,2)) -> 1 | J13: =IF(OR(B13=F13,F13=12),"yes","no") -> yes | K13: =IF(OR(C13=G13,G13=12),"yes","no") -> yes | L13: =IF(OR(D13=H13,H13=12),"yes","no") -> yes | N13: =IF(AND(J13="yes",K13="yes",L13="yes"),"Nash equilibrium","") -> Nash equilibrium
B14: 1 | C14: 2 | D14: 2 | F14: =IF(F7=N7,12,IF(F7=MAX(F7,N7),1,2)) -> 2 | G14: =IF(G6=G7,12,IF(G6=MAX(G6,G7),1,2)) -> 1 | H14: =IF(E7=H7,12,IF(E7=MAX(E7,H7),1,2)) -> 1 | J14: =IF(OR(B14=F14,F14=12),"yes","no") -> no | K14: =IF(OR(C14=G14,G14=12),"yes","no") -> no | L14: =IF(OR(D14=H14,H14=12),"yes","no") -> no | N14: =IF(AND(J14="yes",K14="yes",L14="yes"),"Nash equilibrium","")
B15: 2 | C15: 1 | D15: 1 | F15: =IF(C6=K6,12,IF(C6=MAX(C6,K6),1,2)) -> 2 | G15: =IF(L6=L7,12,IF(L6=MAX(L6,L7),1,2)) -> 1 | H15: =IF(M6=P6,12,IF(M6=MAX(M6,P6),1,2)) -> 1 | J15: =IF(OR(B15=F15,F15=12),"yes","no") -> yes | K15: =IF(OR(C15=G15,G15=12),"yes","no") -> yes | L15: =IF(OR(D15=H15,H15=12),"yes","no") -> yes | N15: =IF(AND(J15="yes",K15="yes",L15="yes"),"Nash equilibrium","") -> Nash equilibrium
B16: 2 | C16: 1 | D16: 2 | F16: =IF(F6=N6,12,IF(F6=MAX(F6,N6),1,2)) -> 1 | G16: =IF(O6=O7,12,IF(O6=MAX(O6,O7),1,2)) -> 2 | H16: =IF(M6=P6,12,IF(M6=MAX(M6,P6),1,2)) -> 1 | J16: =IF(OR(B16=F16,F16=12),"yes","no") -> no | K16: =IF(OR(C16=G16,G16=12),"yes","no") -> no | L16: =IF(OR(D16=H16,H16=12),"yes","no") -> no | N16: =IF(AND(J16="yes",K16="yes",L16="yes"),"Nash equilibrium","")
B17: 2 | C17: 2 | D17: 1 | F17: =IF(C7=K7,12,IF(C7=MAX(C7,K7),1,2)) -> 1 | G17: =IF(L6=L7,12,IF(L6=MAX(L6,L7),1,2)) -> 1 | H17: =IF(M7=P7,12,IF(M7=MAX(M7,P7),1,2)) -> 2 | J17: =IF(OR(B17=F17,F17=12),"yes","no") -> no | K17: =IF(OR(C17=G17,G17=12),"yes","no") -> no | L17: =IF(OR(D17=H17,H17=12),"yes","no") -> no | N17: =IF(AND(J17="yes",K17="yes",L17="yes"),"Nash equilibrium","")
B18: 2 | C18: 2 | D18: 2 | F18: =IF(F7=N7,12,IF(F7=MAX(F7,N7),1,2)) -> 2 | G18: =IF(O6=O7,12,IF(O6=MAX(O6,O7),1,2)) -> 2 | H18: =IF(M7=P7,12,IF(M7=MAX(M7,P7),1,2)) -> 2 | J18: =IF(OR(B18=F18,F18=12),"yes","no") -> yes | K18: =IF(OR(C18=G18,G18=12),"yes","no") -> yes | L18: =IF(OR(D18=H18,H18=12),"yes","no") -> yes | N18: =IF(AND(J18="yes",K18="yes",L18="yes"),"Nash equilibrium","") -> Nash equilibrium
